stage,epoch,gen_loss,disc_loss,disc_acc,ms_signal,score,health,sharp_ratio,lr_factor,instance_noise,seconds,struct_dog,color_dog,sharp_dog,struct_cat,color_cat,sharp_cat
stage2,1,1.3409862046117906,1.3358175646175037,0.6402698863636364,0.5290512879947563,0.9290211063023893,0.8961853360187768,0.9290211204454978,1.0,0.05000000074505806,47.51991844177246,0.9501630663871765,0.1904880404472351,0.30516767501831055,0.879213809967041,0.18075822293758392,0.30508023500442505
stage2,2,1.1911403830949363,1.3787627653642134,0.6185064935064936,0.5098822577433153,0.9270676074721651,0.899722139081873,0.927067621585534,1.0,0.04958333447575569,37.065751791000366,0.9501281976699829,0.19026106595993042,0.3039752244949341,0.8826836347579956,0.18136750161647797,0.3049894869327545
stage2,3,1.204001807547235,1.3430711030960083,0.6296164772727273,0.5063022491219756,0.9232587906294373,0.9005329171915549,0.9232588046848221,1.0,0.04916666820645332,37.02311086654663,0.9502276182174683,0.1899256557226181,0.3025435507297516,0.8834790587425232,0.18154628574848175,0.30391925573349
stage2,4,1.1949101547142127,1.356928916720601,0.6260146103896104,0.503808693839358,0.9165247843034692,0.9008010298778064,0.9165247982563377,1.0,0.04874999821186066,37.14834761619568,0.9493134617805481,0.19060130417346954,0.30048635601997375,0.883742094039917,0.1824670284986496,0.30155307054519653
stage2,5,1.2181528288048584,1.3250819955553328,0.6364143668831169,0.4999848522923209,0.9109895911691078,0.901550505993283,0.9109896050377104,1.0,0.04833333194255829,37.013015031814575,0.9478630423545837,0.19070212543010712,0.2986190617084503,0.8844773769378662,0.1833997368812561,0.29978445172309875
stage2,6,1.253016786141829,1.28203990861967,0.6558441558441559,0.5101411718052703,0.9034352487224326,0.9019442604278164,0.9034352624760305,1.0,0.04791666567325592,37.23146152496338,0.9474343657493591,0.1911066770553589,0.29688209295272827,0.8848636746406555,0.18406593799591064,0.2965591847896576
stage2,7,1.2236917142744188,1.3124644462164345,0.6415888798701299,0.5032838981646997,0.9052657039400605,0.9023126191898247,0.9052657177215244,1.0,0.04749999940395355,37.02180814743042,0.9466890096664429,0.19093072414398193,0.29691046476364136,0.8852250576019287,0.1847282499074936,0.2977331876754761
stage2,8,1.2406509897925637,1.2504749174241896,0.669439935064935,0.5067953057103343,0.8951376085231141,0.9022485832117352,0.8951376221503913,1.0,0.047083333134651184,37.00243902206421,0.946230411529541,0.19120927155017853,0.2933049499988556,0.8851622343063354,0.1858796626329422,0.29468584060668945
stage2,9,1.249833384891609,1.2515324625101956,0.6715706168831169,0.5048876048682572,0.8881120541681838,0.9045874152919384,0.8881120676885064,1.0,0.046666666865348816,37.03766202926636,0.9444898962974548,0.19162248075008392,0.29081806540489197,0.8874567747116089,0.18697978556156158,0.29255783557891846
stage2,10,1.2589768744134284,1.2299613023733165,0.6773031655844156,0.5099725332353022,0.8817822497392003,0.9055132637455496,0.8817822631631601,1.0,0.04625000059604645,37.086697816848755,0.9433003067970276,0.1919720619916916,0.2886521518230438,0.8883650898933411,0.18762953579425812,0.2905658781528473
stage2,11,1.2491236770307863,1.2361417157309396,0.6767451298701299,0.5090737609894245,0.8816220026744175,0.9064847393524296,0.8816220160959377,1.0,0.04583333432674408,37.266037702560425,0.9431774616241455,0.1921778917312622,0.28873294591903687,0.8893181681632996,0.18827612698078156,0.2903798222541809
stage2,12,1.245088383748934,1.2429711733545576,0.671773538961039,0.49841835862630374,0.8804854825801909,0.9058407950148861,0.8804854959844091,1.0,0.04541666805744171,36.92747449874878,0.9428298473358154,0.19297951459884644,0.2889757752418518,0.8886864185333252,0.18931126594543457,0.2893904447555542
stage2,13,1.2385348375741538,1.2425259142727048,0.6641132305194806,0.509211906752029,0.878263166122889,0.9049866376942404,0.8782631794932754,1.0,0.04500000178813934,41.106403827667236,0.9436084032058716,0.19324183464050293,0.2883932590484619,0.887848436832428,0.19003522396087646,0.28851318359375
stage2,14,1.2501688978888772,1.225731865152136,0.6758319805194806,0.505001951734741,0.8803915665484523,0.9047019388390909,0.8803915799512408,1.0,0.04458333179354668,37.23876333236694,0.9435282945632935,0.19297374784946442,0.28934499621391296,0.8875691294670105,0.19001205265522003,0.2889595329761505
stage2,15,1.2454694215353432,1.2160895776439022,0.6829849837662337,0.5058446874866238,0.8764696875071293,0.9064278117324391,0.8764697008502124,1.0,0.04416666552424431,37.029274225234985,0.9438936710357666,0.19282998144626617,0.2876030206680298,0.889262318611145,0.19018347561359406,0.28812533617019653
stage2,16,1.2625577705247062,1.2073895157157601,0.6814630681818182,0.507171913400873,0.8783537701399816,0.9061766497462702,0.8783537835117473,1.0,0.04374999925494194,37.23827052116394,0.9431341290473938,0.19317077100276947,0.28802403807640076,0.8890159130096436,0.19051416218280792,0.2889419198036194
stage2,17,1.228330122185992,1.2124394240317407,0.6838474025974026,0.5043018831835164,0.8792915239853937,0.9062799943370959,0.8792915373714354,1.0,0.04333333298563957,36.948121547698975,0.9413530826568604,0.19363652169704437,0.2881811559200287,0.8891173005104065,0.19140322506427765,0.28940078616142273
stage2,18,1.2651238232463986,1.174930382858623,0.7013494318181818,0.5107879847675175,0.8785048978219724,0.9073108885270608,0.8785049111960388,1.0,0.042916666716337204,37.052282094955444,0.9408688545227051,0.19345371425151825,0.2878357172012329,0.8901286721229553,0.1917041689157486,0.28922951221466064
stage2,19,1.2539607456752233,1.206067207571748,0.6878551136363636,0.5017568987685365,0.8779811458072917,0.9079759149181119,0.8779811591733846,1.0,0.042500000447034836,37.044416427612305,0.9402657747268677,0.1941588968038559,0.2874033749103546,0.8907811045646667,0.19281871616840363,0.2893178164958954
stage2,20,1.2304424682220856,1.1963722636173297,0.6935876623376623,0.5160135139118541,0.8783117120909857,0.9087829262055532,0.8783117254621111,1.0,0.04208333417773247,37.013399839401245,0.9401653409004211,0.19372235238552094,0.28701692819595337,0.8915728330612183,0.1929732710123062,0.2899214029312134
stage2,21,1.2571397543727578,1.1909877146993364,0.6892755681818182,0.4960093169243305,0.8787558850140388,0.9092963076238231,0.8787558983919261,1.0,0.0416666679084301,37.13722276687622,0.9395230412483215,0.19433772563934326,0.28730037808418274,0.8920764923095703,0.19416123628616333,0.28992971777915955
stage2,22,1.2706646207091097,1.194205105304718,0.6904931006493507,0.5071126795434332,0.8782483754821417,0.9098672242140576,0.8782483888523029,1.0,0.04125000163912773,36.907541275024414,0.9391144514083862,0.1944265365600586,0.28715717792510986,0.8926365971565247,0.19476169347763062,0.28973954916000366
stage2,23,1.2601840681843943,1.1953525558694618,0.691609172077922,0.5070814072311699,0.8763537216244609,0.9089046796211997,0.8763537349657785,1.0,0.040833331644535065,41.10088562965393,0.9384118914604187,0.19515155255794525,0.28711801767349243,0.8916922807693481,0.19568634033203125,0.28853416442871094
stage2,24,1.2893644130075133,1.1593567643846785,0.7091619318181818,0.5046482798341033,0.8751671583500373,0.9089905874703634,0.8751671716732911,1.0,0.0404166653752327,37.17642140388489,0.9379427433013916,0.19531108438968658,0.2867218852043152,0.8917765617370605,0.1958070993423462,0.2881508767604828
stage2,25,1.2314121429022256,1.189313669483383,0.6890726461038961,0.5081566301259127,0.873822616514013,0.909570009788238,0.8738226298167979,1.0,0.03999999910593033,36.96305799484253,0.9380959868431091,0.19488245248794556,0.2857897877693176,0.8923450112342834,0.19561968743801117,0.288199782371521
stage2,26,1.2561842195399395,1.186446857142758,0.695211038961039,0.5098925039365694,0.8777480344203001,0.910381516960289,0.8777480477828443,1.0,0.03958333283662796,37.35660266876221,0.9377231597900391,0.19517932832241058,0.2873518168926239,0.8931411504745483,0.19631744921207428,0.2892162501811981
stage2,27,1.268983815397535,1.1690687684269694,0.7034293831168831,0.5060632418502461,0.8810145428923177,0.909769408346198,0.8810145563045901,1.0,0.03916666656732559,36.95618200302124,0.9365056157112122,0.1953618973493576,0.28858858346939087,0.8925406336784363,0.1968078464269638,0.29012516140937805
stage2,28,1.271422976023191,1.174284768569005,0.6975953733766234,0.5070734066622598,0.8844247837259523,0.9111922343147734,0.8844247971901412,1.0,0.038750000298023224,36.98400855064392,0.9361488223075867,0.19460858404636383,0.2899782955646515,0.8939365148544312,0.19642777740955353,0.29097554087638855
stage2,29,1.2416470174665575,1.1749037504196167,0.6976968344155844,0.5070648592013818,0.8842689375573428,0.9105000503504718,0.8842689510191591,1.0,0.038333334028720856,37.11387538909912,0.9352653622627258,0.195164754986763,0.2902497351169586,0.8932574391365051,0.19742417335510254,0.2906017303466797
stage2,30,1.2825883727569085,1.1667465459216724,0.7050020292207793,0.5114973388709031,0.887920138798979,0.9107321959598457,0.88792015231638,1.0,0.03791666775941849,37.005786657333374,0.9353327751159668,0.1945420652627945,0.29167839884757996,0.8934851884841919,0.19724898040294647,0.2915714383125305
stage2,31,1.249731067713205,1.181203669541842,0.6972402597402597,0.5084449745617904,0.89629018961987,0.9094903597244094,0.8962902032646938,1.0,0.03750000149011612,37.12736392021179,0.9349757432937622,0.19431500136852264,0.2941581904888153,0.8922668695449829,0.19723455607891083,0.29458969831466675
stage2,32,1.273091191595251,1.1565120638190927,0.7093648538961039,0.511684830312605,0.8980491416171983,0.9093633206065866,0.8980491552887997,1.0,0.03708333149552345,36.995986223220825,0.9345914125442505,0.19435696303844452,0.29469266533851624,0.8921422362327576,0.19774454832077026,0.2952106297016144
stage2,33,1.2496980722848472,1.1617640713592627,0.7013494318181818,0.5040373651238231,0.9037631835424355,0.909506034565346,0.9037631973010256,1.0,0.036666665226221085,36.95184826850891,0.9341410994529724,0.19389523565769196,0.29651111364364624,0.892282247543335,0.19782201945781708,0.2971455752849579
stage2,34,1.2692141107150487,1.1468549285616194,0.7150974025974026,0.5098717715833094,0.9016689467747944,0.910215290740125,0.9016689605015026,1.0,0.036249998956918716,36.961249113082886,0.934396505355835,0.19420021772384644,0.295738160610199,0.8929780721664429,0.19848351180553436,0.2965428829193115
stage2,35,1.2689516025704224,1.1584636599986584,0.708400974025974,0.5127489338447522,0.9078864149262008,0.9100478494160122,0.9078864287475616,1.0,0.03583333268761635,37.01822090148926,0.9343071579933167,0.1936386674642563,0.2975023090839386,0.8928138017654419,0.19802558422088623,0.2988628149032593
stage2,36,1.2748237546388206,1.1500725072699707,0.7080965909090909,0.503062453749892,0.906572089552562,0.9102582446647068,0.9065721033539139,1.0,0.03541666641831398,41.10370993614197,0.9337719678878784,0.1949806958436966,0.29695630073547363,0.8930202126502991,0.19970785081386566,0.2985454797744751
stage2,37,1.295482824375103,1.139490550214594,0.7144379058441559,0.5116430838386734,0.9090657189904416,0.9111674461942226,0.9090657328297559,1.0,0.03500000014901161,37.07254648208618,0.9339104294776917,0.19444280862808228,0.29709967970848083,0.8939121961593628,0.1995854526758194,0.3000400960445404
stage2,38,1.2848959480013167,1.1425490928934765,0.7183948863636364,0.5076236786780419,0.9091015613407186,0.9111484905726249,0.9091015751805785,1.0,0.034583333879709244,37.02970266342163,0.9332752227783203,0.19433920085430145,0.29668527841567993,0.8938935995101929,0.19974075257778168,0.3004780411720276
stage2,39,1.259545260435575,1.1435686404054815,0.7147930194805194,0.5041483269109355,0.9101519690541533,0.9111634971063898,0.9101519829100042,1.0,0.034166667610406876,37.01921272277832,0.9326147437095642,0.1947617530822754,0.297158420085907,0.8939083218574524,0.20056362450122833,0.30069488286972046
stage2,40,1.2819396404476908,1.1337191307699526,0.7207284902597403,0.5082166926427321,0.9079111869809492,0.9113794818332477,0.9079112008026872,1.0,0.03375000134110451,36.9767849445343,0.9331808090209961,0.1948344111442566,0.29633772373199463,0.8941202163696289,0.20067010819911957,0.30004367232322693
stage2,41,1.2971721848884186,1.1217931803170738,0.7284902597402597,0.5138193272150956,0.9109920411525445,0.9122649888357665,0.9109920550211844,1.0,0.03333333507180214,37.23395109176636,0.9329766631126404,0.1943691372871399,0.2972971200942993,0.8949889540672302,0.2003525346517563,0.3011080026626587
stage2,42,1.2789044720785958,1.1430269131412754,0.713575487012987,0.5086946959619398,0.9126561243467979,0.9122754994849216,0.9126561382407712,1.0,0.03291666507720947,37.01887392997742,0.9335892200469971,0.19303804636001587,0.29751214385032654,0.8949992656707764,0.19909782707691193,0.30198606848716736
stage2,43,1.2822561465300524,1.1363531265939986,0.717380275974026,0.5039866922737716,0.9182132765919618,0.9122285964725069,0.9182132905705354,1.0,0.032499998807907104,41.11925268173218,0.9337913990020752,0.193115234375,0.2997044324874878,0.8949532508850098,0.1991550177335739,0.30344411730766296
stage2,44,1.2788195927421768,1.1392026698434508,0.7192573051948052,0.5156611204147339,0.9201450885317654,0.9123377735622856,0.9201451025397481,1.0,0.032083332538604736,41.1040244102478,0.934118926525116,0.19276201725006104,0.29978519678115845,0.8950603604316711,0.199129119515419,0.304632306098938
stage2,45,1.2794728689379506,1.1278396310744347,0.7216923701298701,0.506927443015111,0.9232349259759617,0.91214323542012,0.9232349400309832,1.0,0.03166666626930237,37.10426712036133,0.9338837265968323,0.19288313388824463,0.30069535970687866,0.8948695063591003,0.19903822243213654,0.305751770734787
stage2,46,1.2953981478492935,1.116264854158674,0.7314833603896104,0.5120075685637338,0.9261042649108591,0.911954894308092,0.9261042790095624,1.0,0.03125,37.218374252319336,0.9340658783912659,0.19231635332107544,0.30137497186660767,0.8946847319602966,0.1984996795654297,0.306956946849823
stage2,47,1.2868939413652791,1.123457287813162,0.7261059253246753,0.5055528112820217,0.9255333280299909,0.9115687950284346,0.9255333421200025,1.0,0.030833333730697632,37.076996088027954,0.9344198107719421,0.191965714097023,0.3015073537826538,0.894305944442749,0.19836826622486115,0.3064495325088501
stage2,48,1.2884512752681583,1.1420561199064378,0.7137784090909091,0.5078369235837614,0.9265395453014383,0.9124656632528725,0.9265395594067682,1.0,0.030416667461395264,37.080997705459595,0.9346030354499817,0.19234268367290497,0.30161139369010925,0.8951858282089233,0.19902962446212769,0.30700644850730896
stage2,49,1.3208684487776323,1.1364513039588928,0.7191051136363636,0.5110365551013452,0.9301542690119066,0.9114282075015853,0.9301542831722658,1.0,0.029999999329447746,37.06970715522766,0.9348871111869812,0.19210843741893768,0.30240365862846375,0.8941680192947388,0.19891417026519775,0.30858859419822693
stage2,50,1.3255800434521265,1.1003904714212789,0.7366071428571429,0.5093798277440009,0.9312813521328958,0.9115195833185176,0.9312813663104134,1.0,0.029583333060145378,37.059017181396484,0.9357733130455017,0.19192282855510712,0.3018743395805359,0.894257664680481,0.19858866930007935,0.3098582625389099
stage2,51,1.2667586772472827,1.1422076341393705,0.7150974025974026,0.5056595082406874,0.9334535346698735,0.912357822777437,0.9334535488804596,1.0,0.02916666679084301,37.29121661186218,0.9366052150726318,0.19115054607391357,0.3018299341201782,0.895080029964447,0.19784271717071533,0.31132951378822327
stage2,52,1.3061553162413757,1.1007797810938451,0.7387378246753247,0.510364458932505,0.9344774008960776,0.9125279373302365,0.9344774151222508,1.0,0.028750000521540642,36.96048903465271,0.9364175796508789,0.19092251360416412,0.3017280399799347,0.8952469229698181,0.19790320098400116,0.3121039569377899
stage2,53,1.2987621341432845,1.1025798034358334,0.736911525974026,0.5081501254787693,0.9387207722083664,0.9121230039393763,0.9387207864991393,1.0,0.028333334252238274,37.11697721481323,0.9362733960151672,0.19088035821914673,0.3033912479877472,0.8948496580123901,0.19764728844165802,0.3132281005382538
stage2,54,1.3117354341915675,1.1090011844387302,0.7332589285714286,0.5107500324775647,0.9416817133017564,0.9120076905746572,0.9416817276376057,1.0,0.027916666120290756,37.100257396698,0.936426043510437,0.19088411331176758,0.304187536239624,0.8947365283966064,0.19774232804775238,0.3143767714500427
stage2,55,1.3194439233123483,1.1000162037936123,0.7356939935064936,0.5110155661384781,0.9422117717552834,0.912944535719003,0.9422117860992021,1.0,0.027499999850988388,37.01799392700195,0.937195360660553,0.19083774089813232,0.30505532026290894,0.895655632019043,0.197794571518898,0.31385716795921326
stage2,56,1.308517423543063,1.1161462037594287,0.7290482954545454,0.5073820159032747,0.9456831260646436,0.912742160156369,0.945683140461409,1.0,0.02708333358168602,37.252798557281494,0.9374573230743408,0.19067198038101196,0.3058434724807739,0.8954570889472961,0.19775480031967163,0.3153492510318756
stage2,57,1.3431997036004995,1.1096324316866986,0.7275771103896104,0.5093531566006797,0.9445554985028907,0.912948788582823,0.9445555128824895,1.0,0.02666666731238365,36.97862267494202,0.937670886516571,0.19078217446804047,0.305387943983078,0.8956598043441772,0.1976526528596878,0.31506407260894775
stage2,58,1.3048019308548469,1.1317289030397093,0.7221489448051948,0.5056065696400481,0.9478410170315741,0.9127945918917497,0.9478410314611906,1.0,0.026249999180436134,37.068450689315796,0.9378337860107422,0.19084329903125763,0.3056085407733917,0.8955085277557373,0.19805462658405304,0.3170016407966614
stage2,59,1.3167237097566777,1.10694601938322,0.739549512987013,0.5095126416002002,0.946961155387369,0.9134859252832873,0.9469611698035907,1.0,0.025833332911133766,37.12281084060669,0.9376319050788879,0.19082702696323395,0.3054315447807312,0.8961867690086365,0.19821041822433472,0.3166006803512573
stage2,60,1.307358292016116,1.1053559478227195,0.734577922077922,0.5091640086143048,0.9461293860106241,0.9128535244332553,0.9461294004141834,1.0,0.025416666641831398,37.06225347518921,0.9381505250930786,0.19104105234146118,0.30529284477233887,0.8955663442611694,0.19850873947143555,0.31619301438331604
stage2,61,1.358562880522245,1.0794753664499754,0.7481229707792207,0.508728642355312,0.9460297079808032,0.912656070041613,0.9460297223828449,1.0,0.02500000037252903,41.11339998245239,0.9376209378242493,0.19148355722427368,0.3053090572357178,0.8953726291656494,0.19922418892383575,0.31611132621765137
stage2,62,1.3003279373243257,1.1123922142115505,0.7326501623376623,0.5123105455528606,0.9440599212977315,0.9133278402595787,0.9440599356697857,1.0,0.02458333410322666,37.00781774520874,0.9375975131988525,0.19119594991207123,0.3044702708721161,0.8960316777229309,0.19904445111751556,0.31565621495246887
stage2,63,1.3182068947073702,1.0863699913024902,0.7440137987012987,0.5079740220076078,0.943696733938279,0.9139260359334586,0.9436967483048042,1.0,0.024166665971279144,37.01255702972412,0.9378292560577393,0.19145061075687408,0.30393195152282715,0.8966185450553894,0.19909386336803436,0.3159559667110443
stage2,64,1.320511985908855,1.09681591585085,0.7421367694805194,0.5099632174937756,0.9427630180285311,0.9146022412808366,0.9427630323808418,1.0,0.023749999701976776,36.97664761543274,0.937994658946991,0.19264978170394897,0.3039987087249756,0.8972819447517395,0.20014648139476776,0.3152758777141571
stage2,65,1.337626345745929,1.1016334008860897,0.7366071428571429,0.5045107467608019,0.941977253896319,0.9141505871431539,0.9419772682366675,1.0,0.023333333432674408,37.00292778015137,0.9380772113800049,0.19435544312000275,0.3034518361091614,0.8968388438224792,0.20144414901733398,0.3153066039085388
stage2,66,1.3216304237192327,1.0967005468034126,0.7406655844155844,0.5093637426178177,0.941729261128453,0.9142664473046499,0.9417292754650262,1.0,0.02291666716337204,37.24069333076477,0.9389601945877075,0.1940985471010208,0.3035948872566223,0.8969525098800659,0.201140359044075,0.31500065326690674
stage2,67,1.36588908557768,1.08515112508427,0.7445718344155844,0.5073712510722024,0.9422010190502003,0.9153474645324932,0.9422010333939553,1.0,0.02250000089406967,36.995673179626465,0.9385923743247986,0.19407688081264496,0.3034003973007202,0.8980130553245544,0.2010480910539627,0.3155050277709961
stage2,68,1.3231309064022907,1.0851513789845753,0.7451806006493507,0.5047000534348673,0.9366571602336834,0.9158187425989452,0.9366571744930405,1.0,0.022083332762122154,37.10945224761963,0.9386216998100281,0.1950610727071762,0.3017722964286804,0.8984754085540771,0.20183444023132324,0.3134915232658386
stage2,69,1.3000770489890854,1.0959304648560364,0.740919237012987,0.5139040343173138,0.9396156059735733,0.9150067493853148,0.9396156202779687,1.0,0.021666666492819786,37.07603192329407,0.9392576217651367,0.19543059170246124,0.30276069045066833,0.897678792476654,0.20203876495361328,0.31444644927978516
stage2,70,1.338288086575347,1.0860696218230508,0.7444703733766234,0.5086150270003778,0.9382409837853545,0.9156270599510586,0.9382409980688232,1.0,0.021250000223517418,36.99212169647217,0.938967764377594,0.19578991830348969,0.3020845353603363,0.8982873558998108,0.20248961448669434,0.3142196536064148
stage2,71,1.3425896585761727,1.0670284543718611,0.7567978896103896,0.5100790420909981,0.9438326172788861,0.9162284756504022,0.94383263164748,1.0,0.02083333395421505,37.27082848548889,0.9384143352508545,0.19636791944503784,0.30410629510879517,0.8988773822784424,0.20262444019317627,0.31587088108062744
stage2,72,1.333332733674483,1.0939286815655695,0.7418323863636364,0.5082851845722693,0.9472850069016441,0.9172074849017633,0.947285021322796,1.0,0.020416665822267532,37.00227642059326,0.9388644099235535,0.19698844850063324,0.30497097969055176,0.899837851524353,0.20321841537952423,0.31727397441864014
stage2,73,1.3351119292246831,1.088277196729338,0.7432021103896104,0.5084618918307415,0.9490734948104032,0.9166874204117763,0.9490735092587824,1.0,0.019999999552965164,37.03505611419678,0.9389346241950989,0.19713656604290009,0.3054787218570709,0.8993276357650757,0.20340067148208618,0.3179410398006439
stage2,74,1.3363143592685849,1.0736668589827303,0.75,0.5102061346753851,0.948751049768101,0.9169677448927108,0.9487510642115715,1.0,0.019583333283662796,37.03146409988403,0.9389958381652832,0.19747358560562134,0.30523961782455444,0.8996026515960693,0.20378713309764862,0.31796833872795105
stage2,75,1.3410889529562615,1.079260452227159,0.747463474025974,0.5095346461642872,0.9480932292153588,0.9180343631387636,0.9480932436488149,1.0,0.019166667014360428,37.040189266204834,0.9386391639709473,0.19749200344085693,0.3048252463340759,0.9006490707397461,0.20401446521282196,0.31795060634613037
stage2,76,1.3593233367065332,1.0844181296113249,0.7455357142857143,0.5071611462475417,0.9472076509431349,0.9196573774828657,0.9472076653631091,1.0,0.01875000074505806,37.23142123222351,0.9392606616020203,0.19722342491149902,0.3040546476840973,0.9022413492202759,0.20387840270996094,0.3181394934654236
stage2,77,1.3367835213611652,1.086065631408196,0.7442674512987013,0.5120579747410564,0.9432292861725777,0.9209390083726176,0.9432293005319867,1.0,0.018333332613110542,36.899866342544556,0.9393330216407776,0.19706003367900848,0.3033827245235443,0.9034987092018127,0.20388835668563843,0.3161981403827667
stage2,78,1.3472513316513657,1.0711495922757435,0.7532467532467533,0.5122946442721726,0.9435917476110119,0.9204695529620883,0.9435917619759389,1.0,0.017916666343808174,37.125486850738525,0.9400401711463928,0.19727246463298798,0.3031972348690033,0.9030381441116333,0.20378033816814423,0.31662172079086304
stage2,79,1.376491692159083,1.0492388791852183,0.7640523538961039,0.509048837345916,0.9458327111644705,0.9204899667084243,0.9458327255635132,1.0,0.017500000074505806,37.100035190582275,0.9405540823936462,0.19738011062145233,0.30353879928588867,0.9030581712722778,0.20394088327884674,0.3177521824836731
stage2,80,1.3646116430883284,1.0577828117779322,0.7555803571428571,0.5065987783593017,0.9518597611587724,0.9216444369699586,0.9518597756495689,1.0,0.017083333805203438,37.01030349731445,0.9404188990592957,0.19756214320659637,0.3052389621734619,0.9041907787322998,0.20417684316635132,0.3200110197067261
stage2,81,1.3727786695802366,1.0557037042332935,0.7629362824675324,0.5081321345521258,0.953920378709255,0.9214040286537344,0.9539203932314216,1.0,0.01666666753590107,37.276005029678345,0.940830647945404,0.19735008478164673,0.30602675676345825,0.9039549231529236,0.20423360168933868,0.3205767869949341
stage2,82,1.3657884241698623,1.0691280543030082,0.7517248376623377,0.5135774809818763,0.9532513971208568,0.9223056965387691,0.9532514116328391,1.0,0.016249999403953552,36.94297242164612,0.9410210251808167,0.19761236011981964,0.3059612214565277,0.9048395156860352,0.20476897060871124,0.32020288705825806
stage2,83,1.3332553428488891,1.0736132775034224,0.7491883116883117,0.5058490510110731,0.9550065834029029,0.9227659779144866,0.9550065979416056,1.0,0.015833333134651184,37.05352282524109,0.9405627846717834,0.1978982537984848,0.30643823742866516,0.9052910804748535,0.20511679351329803,0.320878803730011
stage2,84,1.380456928308908,1.053725760478478,0.7583198051948052,0.5138782522121033,0.953613359488591,0.9231630131296811,0.9536133740060837,1.0,0.015416666865348816,37.113340616226196,0.9408087134361267,0.19870847463607788,0.30632665753364563,0.9056805968284607,0.20584535598754883,0.32007521390914917
stage2,85,1.4117280546720925,1.0161613334308972,0.7782568993506493,0.5092487826749876,0.9495481110461599,0.923945722338151,0.9495481255017646,1.0,0.014999999664723873,37.066593170166016,0.9412500262260437,0.19965167343616486,0.30547353625297546,0.906448483467102,0.2067834883928299,0.31825798749923706
stage2,86,1.3938328143838163,1.0608233081830012,0.7562905844155844,0.5087231893044013,0.9538816780449685,0.9240018601405748,0.953881692566546,1.0,0.014583333395421505,37.217777967453,0.9410848617553711,0.19993430376052856,0.30661094188690186,0.9065035581588745,0.2069176882505417,0.3199671804904938
stage2,87,1.3899357582067515,1.0847273577343335,0.7437094155844156,0.5135007442592027,0.9573776682988862,0.9241971273451097,0.9573776828736854,1.0,0.014166667126119137,37.00544857978821,0.9413781762123108,0.19953875243663788,0.3076699674129486,0.9066951274871826,0.20640617609024048,0.3212045729160309
stage2,88,1.3913591504096985,1.0509310960769653,0.7612621753246753,0.510490245246268,0.952304750742971,0.9243532682025006,0.9523047652405419,1.0,0.013749999925494194,37.01460313796997,0.9413172006607056,0.1996898651123047,0.30577510595321655,0.9068483114242554,0.20677918195724487,0.31976717710494995
stage2,89,1.4275381959878004,1.019641596001464,0.7738940746753247,0.5072335310570606,0.9531386071426434,0.9239032544551485,0.9531386216529085,1.0,0.013333333656191826,36.99228072166443,0.9412851929664612,0.20006386935710907,0.30578187108039856,0.906406819820404,0.20738379657268524,0.3203081488609314
stage2,90,1.3779539651684947,1.0808477649441013,0.7483258928571429,0.5066101647816695,0.9501419598091672,0.9244290906888912,0.9501419742738124,1.0,0.012916666455566883,37.0844030380249,0.9416045546531677,0.2005997747182846,0.30500614643096924,0.9069226980209351,0.2079848200082779,0.31911545991897583
stage2,91,1.3707110564430038,1.0631455105620544,0.7593851461038961,0.5067784639147969,0.9486559541147078,0.9233807597572644,0.9486559685567306,1.0,0.012500000186264515,37.19769287109375,0.9414587020874023,0.20134000480175018,0.30505406856536865,0.9058942198753357,0.20844171941280365,0.31809142231941223
stage2,92,1.3964679256662147,1.046539738580778,0.7616680194805194,0.5092623926602401,0.9458996773784059,0.9238988800809337,0.945899691778468,1.0,0.012083332985639572,36.99062538146973,0.9416435360908508,0.2012578248977661,0.30405333638191223,0.9064025282859802,0.20839302241802216,0.3172816336154938
stage2,93,1.4158351413615338,1.0367413550228268,0.767096185064935,0.5064854246455354,0.949184469986071,0.9234737152093299,0.9491844844361397,1.0,0.011666666716337204,36.97685432434082,0.941257894039154,0.20142807066440582,0.3050955533981323,0.905985414981842,0.2084794044494629,0.3183971047401428
stage2,94,1.3867791318274163,1.0455373695918493,0.7679078733766234,0.5119691901392751,0.9506080464729593,0.9234898153366484,0.9506080609447,1.0,0.011250000447034836,37.09056377410889,0.9411120414733887,0.20204885303974152,0.30532708764076233,0.9060012102127075,0.20923103392124176,0.31910067796707153
stage2,95,1.4239956817843697,1.041967217798357,0.7616680194805194,0.507816606140756,0.9513728950058324,0.9238844203439458,0.951372909489217,1.0,0.010833333246409893,37.18115854263306,0.941123366355896,0.20257897675037384,0.3058956265449524,0.9063883423805237,0.20964330434799194,0.31903454661369324
stage2,96,1.4116737378108037,1.0287198470784473,0.7750608766233766,0.5125185611186089,0.9536779210891533,0.9237920116886572,0.9536779356076288,1.0,0.010416666977107525,37.21287178993225,0.9409748911857605,0.20260025560855865,0.30638256669044495,0.9062976837158203,0.20962780714035034,0.32006171345710754
stage2,97,1.4172762059546136,1.0239115070987057,0.7752637987012987,0.5109690718062512,0.9531054416261212,0.9235956508905686,0.9531054561358815,1.0,0.009999999776482582,37.00308799743652,0.9409167766571045,0.20253969728946686,0.30590760707855225,0.9061050415039062,0.20963184535503387,0.3201606273651123
stage2,98,1.4174663726385537,1.0288227657219031,0.7682122564935064,0.5080886150335336,0.9483309229787781,0.9236731745224873,0.9483309374158527,1.0,0.009583333507180214,37.03075051307678,0.9410467147827148,0.20251703262329102,0.30445754528045654,0.9061810970306396,0.20983214676380157,0.3184744417667389
stage2,99,1.3926181514541824,1.0432661090578352,0.7688717532467533,0.5106211846525018,0.9493581919597553,0.9240140111800605,0.9493582064124688,1.0,0.009166666306555271,37.0662624835968,0.9413296580314636,0.20241425931453705,0.3047279119491577,0.9065154790878296,0.20980586111545563,0.3188788592815399
stage2,100,1.406022893918025,1.0293228819772795,0.7702922077922078,0.5077263623863072,0.9499304899425328,0.9246577124968143,0.9499305044039588,1.0,0.008750000037252903,37.11826014518738,0.9411493539810181,0.2034013718366623,0.3053255081176758,0.9071469902992249,0.21079547703266144,0.31865718960762024
stage2,101,1.3888555734188526,1.0374621926964103,0.7693790584415584,0.5136801898479462,0.9476168889171837,0.9247665250554086,0.9476169033433881,1.0,0.008333333767950535,37.22759675979614,0.9417763948440552,0.2038932889699936,0.3046504259109497,0.9072537422180176,0.21118177473545074,0.3178125321865082
stage2,102,1.4014732613191976,1.0472803959598789,0.7616680194805194,0.5074065966265542,0.9474090032855771,0.9244015685844562,0.9474090177086166,1.0,0.007916666567325592,36.9459445476532,0.9419598579406738,0.20363467931747437,0.30474498867988586,0.9068956971168518,0.2106931209564209,0.3175814151763916
stage2,103,1.43731319362467,1.0065660112864012,0.7822138798701299,0.5104367694297394,0.9479484987123415,0.9243063651900859,0.9479485131435942,1.0,0.007499999832361937,37.037214517593384,0.9419841766357422,0.20396935939788818,0.30487096309661865,0.9068022966384888,0.21115107834339142,0.3178098201751709
stage2,104,1.4135392370162072,1.0187338443545553,0.779778814935065,0.5074753447786554,0.9446169295690616,0.9244673664632712,0.9446169439495957,1.0,0.007083333563059568,37.08113765716553,0.9419242739677429,0.2042374610900879,0.303707093000412,0.9069602489471436,0.2116830199956894,0.3167852759361267
stage2,105,1.4453464521990194,1.0244713913310657,0.7727780032467533,0.5087306843949603,0.9413900291626034,0.9252286290870488,0.9413900434940121,1.0,0.006666666828095913,37.06324744224548,0.9420218467712402,0.20528538525104523,0.3030265271663666,0.9077070951461792,0.2125822752714157,0.3153461813926697
stage2,106,1.4277825719350343,1.0089144907988512,0.780083198051948,0.5155181993137706,0.9430702187294496,0.925171762222256,0.943070233086437,1.0,0.0062500000931322575,37.17780685424805,0.9425115585327148,0.20468120276927948,0.30343544483184814,0.9076513051986694,0.21228444576263428,0.31604093313217163
stage2,107,1.4233176352141739,1.0084172154401805,0.7844460227272727,0.5120248597163659,0.9395470064373469,0.9247055875923879,0.9395470207406981,1.0,0.005833333358168602,37.091079235076904,0.9430350661277771,0.20465070009231567,0.3018662929534912,0.9071939587593079,0.21238811314105988,0.3152957856655121
stage2,108,1.4609535483570841,1.0420855709484644,0.7692268668831169,0.5101761550872357,0.9362331316188873,0.9253843446580579,0.9362331458717892,1.0,0.0054166666232049465,36.93730068206787,0.9427908062934875,0.20484529435634613,0.3009563982486725,0.9078598618507385,0.2124483585357666,0.31402888894081116
stage2,109,1.4126668603389294,1.0344173954678821,0.7709517045454546,0.5071367621421814,0.9362778211315745,0.9252338540340277,0.9362778353851566,1.0,0.004999999888241291,37.05056977272034,0.9424585700035095,0.20501433312892914,0.3010633587837219,0.9077122211456299,0.21251344680786133,0.3139512836933136
stage2,110,1.4469829937080285,0.991239848074975,0.7924614448051948,0.5088675486577021,0.9383969660641549,0.9256781567928215,0.9383969803499983,1.0,0.004583333153277636,37.00093626976013,0.9420577883720398,0.20525427162647247,0.3018006384372711,0.9081481099128723,0.21260510385036469,0.3146060109138489
stage2,111,1.4686687565469123,0.9990615225457525,0.7862723214285714,0.5052247817640181,0.9388443602617266,0.9249802618399616,0.9388443745543809,1.0,0.004166666883975267,37.24372982978821,0.9424945116043091,0.20548760890960693,0.30235472321510315,0.9074634313583374,0.2131643444299698,0.3143458068370819
stage2,112,1.4326292632462143,1.028032071404643,0.7703936688311688,0.5089931956359318,0.94054718949033,0.9246320738034995,0.9405472038089077,1.0,0.0037499999161809683,37.03705167770386,0.9428855776786804,0.20503388345241547,0.3028586804866791,0.9071218371391296,0.2130228728055954,0.31496039032936096
stage2,113,1.449717242996414,1.0028901758132043,0.7836343344155844,0.5084520713849501,0.9450579265876597,0.925281972150391,0.9450579409749074,1.0,0.0033333334140479565,37.02281832695007,0.9427903294563293,0.20559369027614594,0.3043016195297241,0.907759428024292,0.21407265961170197,0.316480427980423
stage2,114,1.4503222874232702,1.0070209619286772,0.7846489448051948,0.5103304246803383,0.9434079534831991,0.9252821544159833,0.943407967845328,1.0,0.002916666679084301,36.95616436004639,0.9430752992630005,0.20540893077850342,0.3040889501571655,0.9077596068382263,0.2143881767988205,0.31560927629470825
stage2,115,1.500327559260579,1.0043012050839213,0.787692775974026,0.5122934123138329,0.9445714687652926,0.9252712792356436,0.9445714831451345,1.0,0.0024999999441206455,36.980711460113525,0.9424378275871277,0.2053835242986679,0.3042341470718384,0.9077489376068115,0.21440410614013672,0.31622835993766785
stage2,116,1.4864605332349803,0.9973857991107098,0.7817573051948052,0.5159359822025547,0.9474146745435322,0.9253074285781135,0.9474146889666583,1.0,0.0020833334419876337,41.11529731750488,0.9422356486320496,0.2049209475517273,0.3049335181713104,0.9077844023704529,0.21445856988430023,0.3173966109752655
stage2,117,1.429036117993392,1.0009104439190455,0.7896205357142857,0.5038859569407129,0.9471486244903369,0.9247888829680622,0.9471486389094126,1.0,0.0016666667070239782,37.16087317466736,0.9426378607749939,0.20499975979328156,0.3050007224082947,0.9072756767272949,0.21451449394226074,0.3171546459197998
stage2,118,1.5184515761090565,0.9584614758367662,0.8048396915584416,0.5151956031074771,0.9470107902369931,0.9241542341757253,0.9470108046539705,1.0,0.0012499999720603228,36.991406202316284,0.9429720640182495,0.20403732359409332,0.3054260015487671,0.9066530466079712,0.21365328133106232,0.3166388273239136
stage2,119,1.4828288717703386,0.9996707516831237,0.7859172077922078,0.5093015049185071,0.9472117796189262,0.9257129087657505,0.9472117940389634,1.0,0.0008333333535119891,36.99376606941223,0.9426465034484863,0.2043600082397461,0.30539506673812866,0.9081822037696838,0.213981494307518,0.3168017864227295
stage2,120,1.4573229396498049,1.0179220089664707,0.7783583603896104,0.5068162099107519,0.9501253997359379,0.9257077445739691,0.950125414200331,1.0,0.00041666667675599456,37.11723828315735,0.9430401921272278,0.20405197143554688,0.3061988949775696,0.9081771373748779,0.21401672065258026,0.317911833524704
stage2,121,1.4806038729556195,0.9889029194782306,0.7936282467532467,0.516487539588631,0.9496631241574918,0.9264544867055615,0.9496631386148474,1.0,0.0,37.192795515060425,0.9436866044998169,0.20361889898777008,0.30571088194847107,0.9089097380638123,0.21363802254199982,0.31809619069099426
stage2,122,1.4882092568781469,0.9950743704647212,0.7869318181818182,0.509513193523729,0.949867017223498,0.9261058126275199,0.9498670316839576,1.0,0.0,37.00651812553406,0.94361811876297,0.2041226178407669,0.3058750629425049,0.9085676670074463,0.21437500417232513,0.31806594133377075
stage2,123,1.4996803658349174,0.9763796004382047,0.7977374188311688,0.511670004624825,0.9495950690620292,0.9265627524673788,0.9495950835183486,1.0,0.0,41.11903214454651,0.9443274140357971,0.2035134881734848,0.30623000860214233,0.909015953540802,0.21384072303771973,0.31753236055374146
stage2,124,1.4702340588941203,1.01065642647929,0.7778510551948052,0.5101068623654255,0.9506125381092597,0.9261895332895763,0.9506125525810689,1.0,0.0,37.19257402420044,0.9447063207626343,0.2038341909646988,0.3068888783454895,0.9086498022079468,0.21409602463245392,0.31754183769226074
stage2,125,1.4914946068416943,0.9745807725113708,0.795505275974026,0.5127315397386427,0.9522160068984877,0.9260420804254176,0.9522160213947075,1.0,0.0,36.94026970863342,0.9447845816612244,0.20452143251895905,0.3081803023815155,0.9085051417350769,0.2149878293275833,0.31730368733406067
stage2,126,1.4764792563079239,0.9884070328303746,0.7908887987012987,0.5119177432029278,0.9487572200967563,0.9267935007072119,0.9487572345403207,1.0,0.0,37.280051946640015,0.9445926547050476,0.20433954894542694,0.30709075927734375,0.9092423319816589,0.21501338481903076,0.31612125039100647
stage2,127,1.4934587757308762,0.9662442199595562,0.8028612012987013,0.5155074847983075,0.9474684834390115,0.9275224415659576,0.9474684978629565,1.0,0.0,36.94426941871643,0.9453616142272949,0.2047107219696045,0.3067934811115265,0.9099574685096741,0.21535634994506836,0.31557199358940125
stage2,128,1.5070997213388417,0.9757542842394346,0.7969257305194806,0.5079111228515576,0.9477900210800407,0.9275276665129365,0.9477900355088809,1.0,0.0,37.03742742538452,0.945857584476471,0.20497167110443115,0.30679255723953247,0.9099625945091248,0.21567313373088837,0.31578412652015686
stage2,129,1.5012935818015756,0.9804669069005297,0.7948457792207793,0.5083603379014251,0.9499061715884208,0.9272001352436001,0.9499061860494765,1.0,0.0,37.04419016838074,0.9457560777664185,0.20537738502025604,0.3083361089229584,0.9096412658691406,0.21634675562381744,0.31563061475753784
stage2,130,1.5060763188770838,0.9821411332526764,0.7965706168831169,0.5167049254689898,0.9489010885685644,0.9260989472902106,0.9489011030143191,1.0,0.0,37.02979755401611,0.9466300010681152,0.20489893853664398,0.30796507000923157,0.9085609316825867,0.2158578783273697,0.31534144282341003
stage2,131,1.5479981264510712,0.9805882573127747,0.7887581168831169,0.508203976340108,0.9453795095987527,0.926566883820804,0.9453795239908961,1.0,0.0,37.25050973892212,0.9469783306121826,0.20503370463848114,0.30640915036201477,0.9090200066566467,0.21605117619037628,0.3145841360092163
stage2,132,1.5373411008289881,0.9682769976653062,0.7963676948051948,0.506670457976205,0.9439577932844738,0.9265445866633477,0.9439578076549734,1.0,0.0,36.95279812812805,0.9468704462051392,0.20528869330883026,0.3060985505580902,0.9089981317520142,0.21618755161762238,0.31396085023880005
stage2,133,1.522444162275884,0.9648844181717217,0.8031655844155844,0.5123203025235759,0.9468796253830047,0.9278179548462494,0.9468796397979853,1.0,0.0,41.105090618133545,0.9464597105979919,0.20596837997436523,0.3071345388889313,0.9102473855018616,0.2167259305715561,0.31484413146972656
stage2,134,1.5076467843798849,0.9724622175290987,0.8017958603896104,0.5047688186168671,0.9501244015945378,0.9281073318516008,0.9501244160589157,1.0,0.0,37.16013860702515,0.9462167024612427,0.20646287500858307,0.3075977861881256,0.9105312824249268,0.21706540882587433,0.3165122866630554
stage2,135,1.486812422801922,1.0084739869291133,0.7783076298701299,0.5131612582640215,0.9553574754751084,0.9283839502654923,0.9553574900191529,1.0,0.0,36.85719704627991,0.9459428787231445,0.2064334899187088,0.30930662155151367,0.9108026623725891,0.21690726280212402,0.3182409107685089
stage2,136,1.5153090396484772,0.9676162701148492,0.8037743506493507,0.5119211940796344,0.9560634336653746,0.9278915293903351,0.9560634482201664,1.0,0.0,37.28632140159607,0.9459053874015808,0.20652781426906586,0.30937302112579346,0.9103195667266846,0.21737505495548248,0.31863823533058167
stage2,137,1.5129899336146069,0.9559574730984577,0.8062094155844156,0.5097841906857181,0.9567791917893874,0.9271131945560801,0.9567792063550756,1.0,0.0,36.899030923843384,0.9467052221298218,0.2073313146829605,0.3097182810306549,0.909555971622467,0.21786391735076904,0.3187631368637085
stage2,138,1.5313510755439856,0.9576800132726694,0.8062601461038961,0.5075020418538676,0.9609981086373732,0.9274495353290436,0.9609981232672888,1.0,0.0,36.99905228614807,0.9467942714691162,0.2071753591299057,0.310957133769989,0.9098859429359436,0.2178780436515808,0.3202955722808838
stage2,139,1.5319958143420034,0.9669019169621653,0.8016943993506493,0.5101927185987497,0.963819264564683,0.9271239482260248,0.963819279237547,1.0,0.0,37.08434724807739,0.9470857381820679,0.20746779441833496,0.3116869628429413,0.9095665216445923,0.21796958148479462,0.3214188814163208
stage2,140,1.5159888383630034,0.9595660722100889,0.8053469967532467,0.5109288793105584,0.9615652798029591,0.9273874435172718,0.9615652944415093,1.0,0.0,41.104615211486816,0.947096049785614,0.20805995166301727,0.3113572895526886,0.9098250269889832,0.21856074035167694,0.3202679753303528
stage2,141,1.5455337460938987,0.9525667707641403,0.8114853896103896,0.5155538618564606,0.958857276814372,0.9284089206516353,0.9588572914116964,0.99,0.0,37.31996393203735,0.9464054703712463,0.20879881083965302,0.31063294410705566,0.9108271598815918,0.21946974098682404,0.31921350955963135
stage2,142,1.539007939301528,0.9570937203122424,0.8090503246753247,0.510023410831179,0.9622394789486761,0.9291241308357623,0.96223949359749,0.98,0.0,36.98194599151611,0.9460831880569458,0.2084885686635971,0.31184470653533936,0.9115288257598877,0.21927304565906525,0.3202234208583832
stage2,143,1.542974742976102,0.9650176755793682,0.7997159090909091,0.5076272897906118,0.9638468949334409,0.929318243691546,0.9638469096067255,0.97,0.0,37.03309082984924,0.9463594555854797,0.2087499052286148,0.3123971223831177,0.9117192625999451,0.21960985660552979,0.3207268714904785
stage2,144,1.5459723054588614,0.9546757394617255,0.8051440746753247,0.5131884971996407,0.9658889107578302,0.929829802453893,0.9658889254622018,0.96,0.0,41.137404441833496,0.946056067943573,0.20818625390529633,0.31278443336486816,0.9122211337089539,0.2192554473876953,0.3216809034347534
stage2,145,1.5523721397697152,0.9446122901780265,0.8121448863636364,0.51504429981306,0.9668612365917374,0.9299590287588232,0.9668612513109113,0.95,0.0,41.115222215652466,0.9461742043495178,0.20813845098018646,0.3133426904678345,0.9123479127883911,0.21912218630313873,0.3217613399028778
stage2,146,1.5374446642863286,0.9589485046151397,0.8080357142857143,0.5117489041446092,0.9620129915909763,0.9299546543846083,0.9620130062363422,0.94,0.0,37.10080552101135,0.9461041688919067,0.2082228660583496,0.3115597665309906,0.9123436212539673,0.21922893822193146,0.32035958766937256
stage2,147,1.5167497079093735,0.961653128072813,0.8037236201298701,0.5104839499894674,0.9638175858723282,0.9303210082251016,0.9638176005451667,0.93,0.0,37.04260849952698,0.9458383321762085,0.20820026099681854,0.312013179063797,0.9127030372619629,0.21927370131015778,0.32109156250953674
stage2,148,1.5309209366897485,0.9502482290391798,0.808695211038961,0.5089681609110399,0.9582840714303217,0.9302715534943948,0.9582840860189198,0.92,0.0,36.98635268211365,0.946176290512085,0.20828795433044434,0.31003695726394653,0.9126545190811157,0.21944738924503326,0.31943297386169434
stage2,149,1.523451608496827,0.9574109331353918,0.8073762175324676,0.5124453484237969,0.961378491250946,0.9299437184490712,0.9613785058866524,0.91,0.0,41.130051136016846,0.9460477828979492,0.20823781192302704,0.3107898235321045,0.9123328924179077,0.21965231001377106,0.32071274518966675
stage2,150,1.5447827198288657,0.9408213983882557,0.8161018668831169,0.5088619628509918,0.9608526975834013,0.9306224147595438,0.9608527122111032,0.9,0.0,37.298078298568726,0.94658362865448,0.20818941295146942,0.3104958236217499,0.9129987359046936,0.2195984274148941,0.32066136598587036
stage2,151,1.5427919486900428,0.9416492217546933,0.8137175324675324,0.5068142452797333,0.9612761817574338,0.9308100875644001,0.9612761963915827,0.89,0.0,37.06053328514099,0.9461016058921814,0.20831604301929474,0.3107937276363373,0.9131828546524048,0.2195965051651001,0.3206416368484497
stage2,152,1.5358526180316876,0.939402754430647,0.8147321428571429,0.5076907304200259,0.9624826171197324,0.9308066245181467,0.9624826317722477,0.88,0.0,37.01790189743042,0.9459524154663086,0.20837430655956268,0.3110584020614624,0.9131794571876526,0.21955616772174835,0.3211694359779358
stage2,153,1.5607198306492396,0.9374166874142437,0.8153409090909091,0.5122485714299339,0.96145752590181,0.9304652410637966,0.9614575405387196,0.87,0.0,36.958173990249634,0.9458167552947998,0.20790044963359833,0.31071633100509644,0.9128445386886597,0.2192130833864212,0.32083815336227417
stage2,154,1.5394018160832392,0.9480984412230454,0.8117390422077922,0.507728390105359,0.9636196362846592,0.9307104490406175,0.9636196509544841,0.86,0.0,36.97289776802063,0.9457914233207703,0.20759564638137817,0.3114415407180786,0.9130851030349731,0.2190357893705368,0.3215331733226776
stage2,155,1.546021900393746,0.9273380226903147,0.8252840909090909,0.5107939912901296,0.965747220049077,0.9310254039840863,0.9657472347512915,0.85,0.0,37.001792907714844,0.9455100893974304,0.20735029876232147,0.31239286065101624,0.9133940935134888,0.2189653068780899,0.3219794034957886
stage2,156,1.5897457924756138,0.9195715111571473,0.8247767857142857,0.512611674023913,0.9640658508605762,0.9318223906639519,0.9640658655371941,0.84,0.0,37.210938453674316,0.9456404447555542,0.2071032077074051,0.3120127320289612,0.9141759872436523,0.21937184035778046,0.321255087852478
stage2,157,1.5293274901129983,0.948692186312242,0.8091010551948052,0.5117639341911713,0.9630530549299006,0.9317257291448433,0.9630530695911,0.8300000000000001,0.0,36.98017430305481,0.946431577205658,0.20692439377307892,0.31113722920417786,0.9140811562538147,0.21948106586933136,0.32146531343460083
stage2,158,1.5735465698427968,0.9384193939047974,0.8138189935064936,0.5095065495410522,0.9682749224047517,0.9317104188350913,0.9682749371454471,0.8200000000000001,0.0,37.04118323326111,0.9466665983200073,0.2064705640077591,0.312563955783844,0.9140661358833313,0.21912722289562225,0.3234686851501465
stage2,159,1.5574583457661915,0.9311540180986578,0.822849025974026,0.5094637197333497,0.9693160746252033,0.9320349123445564,0.969316089381749,0.81,0.0,37.14787673950195,0.9466917514801025,0.20625336468219757,0.31288012862205505,0.9143844842910767,0.21904636919498444,0.32383641600608826
stage2,160,1.5600755098578218,0.9127863064988867,0.8311181006493507,0.5074763975360177,0.9704165708888984,0.9325793396687122,0.9704165856621977,0.8,0.0,36.97953462600708,0.946661651134491,0.20585434138774872,0.31342068314552307,0.9149186015129089,0.21890579164028168,0.3240187466144562
stage2,161,1.5647127241283267,0.9170303344726562,0.8290381493506493,0.5149083478110177,0.9713645783686935,0.9324022382682084,0.9713645931564249,0.79,0.0,37.248737812042236,0.9472020268440247,0.2057971954345703,0.31388789415359497,0.9147448539733887,0.21887677907943726,0.32417425513267517
stage2,162,1.5633314530570785,0.9188868380212164,0.8260450487012987,0.5125821023792415,0.972595105234786,0.9321707002108088,0.9725951200412505,0.78,0.0,36.946227073669434,0.948015034198761,0.20533418655395508,0.3138652443885803,0.9145177006721497,0.21859018504619598,0.3250052034854889
stage2,163,1.5977114338379401,0.9083966218031846,0.8294439935064936,0.5129747352042755,0.9732757922996037,0.9316649131922174,0.9732758071164307,0.77,0.0,37.06020522117615,0.9483171105384827,0.2052667886018753,0.3139722943305969,0.9140214920043945,0.2183687835931778,0.3253452777862549
stage2,164,1.584098450549237,0.9219153778893607,0.8239143668831169,0.5066337813804676,0.9747734127303553,0.9315135719954234,0.9747734275699816,0.76,0.0,37.128429889678955,0.9483086466789246,0.20517133176326752,0.31444308161735535,0.913873016834259,0.2181253880262375,0.3258582353591919
stage2,165,1.5983679201695826,0.9184497703205455,0.8223924512987013,0.5147420349833253,0.9767107598179231,0.9320665050472191,0.9767107746870429,0.75,0.0,37.062915086746216,0.9484992027282715,0.20551778376102448,0.3151152729988098,0.9144154787063599,0.21852804720401764,0.3264586329460144
stage2,166,1.5574943694201382,0.9440716721794822,0.8099127435064936,0.5093690961986393,0.9763717093323281,0.9326580176493819,0.9763717241962864,0.74,0.0,37.31668996810913,0.9485039114952087,0.20593416690826416,0.3147554397583008,0.9149957895278931,0.21884392201900482,0.3265957534313202
stage2,167,1.5966597369738988,0.8924702506560784,0.8375101461038961,0.5174764483780055,0.9769181010087661,0.9335434638967033,0.9769181158810424,0.73,0.0,36.9325647354126,0.9486863017082214,0.20631907880306244,0.3151448667049408,0.9158644676208496,0.2193116545677185,0.3265652358531952
stage2,168,1.5539708369738097,0.91380159963261,0.8275669642857143,0.5121742618548406,0.977487812897916,0.9340604906268188,0.9774878277788654,0.72,0.0,41.123435974121094,0.9488454461097717,0.20616202056407928,0.3151470124721527,0.9163717031478882,0.21924109756946564,0.32693731784820557
stage2,169,1.5791387527019947,0.9270510673522949,0.8183340097402597,0.5100622819615649,0.9796895313463245,0.9346475680995694,0.9796895462607921,0.71,0.0,37.28839039802551,0.9491761326789856,0.20570017397403717,0.3155862092971802,0.9169476628303528,0.21879088878631592,0.3279443681240082
stage2,170,1.6008747351634038,0.8946951465173201,0.8354809253246753,0.511075295024104,0.9794963456153377,0.93422276775915,0.9794963605268644,0.7,0.0,36.90825057029724,0.949440598487854,0.20594178140163422,0.3157969117164612,0.9165309071540833,0.219244122505188,0.32760676741600037
stage2,171,1.6001836866527408,0.9086963224720646,0.8305093344155844,0.5069836006536113,0.9809367997659008,0.9348455692879885,0.9809368146993565,0.69,0.0,37.28715443611145,0.9494850039482117,0.20596246421337128,0.3161972165107727,0.9171419143676758,0.2193349003791809,0.3281526565551758
stage2,172,1.6199565847198685,0.8906711394136603,0.8417207792207793,0.515232652425766,0.9816329580224203,0.9347566236789533,0.981632972966474,0.6799999999999999,0.0,37.04287767410278,0.9497188925743103,0.2062317579984665,0.3165062963962555,0.9170546531677246,0.21954858303070068,0.3283008635044098
stage2,173,1.5644439482069634,0.9189051947036346,0.826755275974026,0.5152289104926122,0.9806295536949186,0.9346334121385685,0.9806295686236969,0.6699999999999999,0.0,37.08938789367676,0.9498887062072754,0.20606718957424164,0.3155304193496704,0.9169337749481201,0.2194526195526123,0.3286176323890686
stage2,174,1.5978319590741938,0.904442056432947,0.831929788961039,0.5107496942018533,0.9793998888600354,0.9348089946591366,0.9793999037700936,0.66,0.0,37.10126280784607,0.9496884346008301,0.20613597333431244,0.3151306211948395,0.917106032371521,0.2194560170173645,0.32820969820022583
stage2,175,1.5830246960961973,0.8990560204951794,0.8376623376623377,0.5144648366160207,0.9823618280948255,0.9348598467593842,0.9823618430499753,0.6499999999999999,0.0,37.06361937522888,0.9497538805007935,0.20545148849487305,0.3159756064414978,0.917155921459198,0.21883590519428253,0.3293103277683258
stage2,176,1.6080026533696559,0.8919647119262002,0.8376623376623377,0.5092850199767521,0.9823894130935198,0.9353269327172136,0.9823894280490895,0.64,0.0,37.32361030578613,0.9495686292648315,0.20571358501911163,0.31606635451316833,0.9176141619682312,0.21923436224460602,0.329237699508667
stage2,177,1.5619811903346668,0.9155277501453053,0.8282771915584416,0.5091963661955549,0.9838042331581252,0.9356139402698653,0.9838042481352336,0.63,0.0,37.02993321418762,0.9496846199035645,0.20550554990768433,0.3166159689426422,0.9178957343101501,0.21908079087734222,0.329617440700531
stage2,178,1.5763161685559657,0.9013180198607507,0.837307224025974,0.5114891966442009,0.9839353526420499,0.93607239898966,0.9839353676211545,0.6200000000000001,0.0,37.06927728652954,0.9495834112167358,0.20530740916728973,0.3161969482898712,0.9183455109596252,0.218896746635437,0.33012259006500244
stage2,179,1.5781392555732232,0.8917560438057045,0.8416193181818182,0.506546820138956,0.9858688886442718,0.9366765486728879,0.985868903652812,0.61,0.0,37.15773391723633,0.9494450688362122,0.20558713376522064,0.3167397081851959,0.9189382195472717,0.21911828219890594,0.33084991574287415
stage2,180,1.5925761647038645,0.8950006745078347,0.8414163961038961,0.5142229675472557,0.9867067829796082,0.9371707922039678,0.9867067980009042,0.6000000000000001,0.0,37.064701557159424,0.9494147300720215,0.20563320815563202,0.3169046938419342,0.9194231033325195,0.21917635202407837,0.3312353193759918
stage2,181,1.5831006695697833,0.8958037093088225,0.8345170454545454,0.5116909347571336,0.9862520842017903,0.9368133086222992,0.9862520992161641,0.5900000000000001,0.0,37.23990297317505,0.9494452476501465,0.20563919842243195,0.3167930841445923,0.9190723896026611,0.21926699578762054,0.33104825019836426
stage2,182,1.6144750907823637,0.8788181651722301,0.8461343344155844,0.5115834865477178,0.9855772045051188,0.9367863940698383,0.9855772195092184,0.5800000000000001,0.0,36.959115505218506,0.9492064118385315,0.20537276566028595,0.31615015864372253,0.9190459847450256,0.21925145387649536,0.33124786615371704
stage2,183,1.5895972220928638,0.89792799949646,0.8337560876623377,0.510940142266162,0.9868119507871299,0.9375673413775829,0.986811965810027,0.5700000000000001,0.0,37.12808275222778,0.9488186240196228,0.20550942420959473,0.316887766122818,0.9198121428489685,0.21961939334869385,0.3313213288784027
stage2,184,1.6024400483478198,0.895817345613009,0.8363940746753247,0.5112227762674356,0.9855645916274264,0.9374702545720923,0.9855646066313339,0.56,0.0,41.141151428222656,0.9487780332565308,0.20569948852062225,0.3164721131324768,0.9197168946266174,0.21994630992412567,0.330917626619339
stage2,185,1.5933059059180223,0.900371981131566,0.8357853084415584,0.5109372274442152,0.9843017159059573,0.9372976490561983,0.9843017308906393,0.55,0.0,41.127854108810425,0.9488368034362793,0.2057413011789322,0.3163316249847412,0.9195475578308105,0.2200438231229782,0.3302285671234131
stage2,186,1.5945789349543584,0.8782635756901332,0.851461038961039,0.510891033070428,0.9840260927693335,0.9368789849907192,0.9840261077498195,0.54,0.0,41.123131275177,0.9488145709037781,0.20549939572811127,0.3166196942329407,0.9191368222236633,0.21997149288654327,0.3297594487667084
stage2,187,1.6226753081594194,0.8695292480580219,0.8525771103896104,0.5125669287396716,0.9835399071673481,0.9364617182947811,0.9835399221404326,0.53,0.0,37.16428565979004,0.9489452242851257,0.20542483031749725,0.3164619505405426,0.918727457523346,0.219835102558136,0.3295978307723999
stage2,188,1.5960156994980652,0.8762936932700021,0.8509030032467533,0.5152644484074085,0.9844440871656652,0.9363827972933216,0.9844441021525147,0.52,0.0,37.00697636604309,0.9491516947746277,0.20560294389724731,0.3166578412055969,0.9186500310897827,0.22007577121257782,0.32999587059020996
stage2,189,1.61669080752831,0.8661595025619904,0.851765422077922,0.5108094149595731,0.9847740182684683,0.9365113552910801,0.9847740332603404,0.51,0.0,37.05732035636902,0.9492616057395935,0.2058706283569336,0.3168454170227051,0.9187761545181274,0.22036705911159515,0.3300250172615051
stage2,190,1.5984590665086524,0.8849823381993678,0.845018262987013,0.5118643231206126,0.986132307233776,0.9360079377251884,0.9861323222463263,0.5,0.0,37.185227155685425,0.9494358897209167,0.20565317571163177,0.3174671530723572,0.9182822704315186,0.22028708457946777,0.33029550313949585
stage2,191,1.618130888257708,0.8803283425120564,0.8482650162337663,0.5090280670624274,0.986397404515635,0.9361878946199713,0.986397419532221,0.49,0.0,37.17407751083374,0.949164628982544,0.20532982051372528,0.317569762468338,0.9184588193893433,0.2201676219701767,0.3303670287132263
stage2,192,1.6345488011062919,0.8692168957227236,0.8519683441558441,0.507415640663791,0.9849024155485745,0.9363595888079039,0.9849024305424013,0.48,0.0,36.982356548309326,0.9489235281944275,0.2053409367799759,0.3170400857925415,0.9186272621154785,0.220178484916687,0.3299146890640259
stage2,193,1.628566711753994,0.8702796473131551,0.8522727272727273,0.5123904099712124,0.9856292893381795,0.9366760626313084,0.985629304343072,0.4700000000000001,0.0,37.00463581085205,0.9487471580505371,0.20540086925029755,0.31740373373031616,0.9189377427101135,0.22023074328899384,0.3300285041332245
stage2,194,1.615616521277985,0.875843935198598,0.8476055194805194,0.5097500724451882,0.9849870307172665,0.9362442754431849,0.9849870457123815,0.45999999999999996,0.0,37.069273710250854,0.9483145475387573,0.20528735220432281,0.3172939717769623,0.9185141324996948,0.22028271853923798,0.32971638441085815
stage2,195,1.630408091204507,0.8740497959124578,0.8467431006493507,0.5140545019855747,0.9875148691831321,0.9367296487154403,0.9875148842167301,0.45000000000000007,0.0,37.13062810897827,0.9480805397033691,0.20522136986255646,0.31816086173057556,0.9189903140068054,0.22030186653137207,0.3305099606513977
stage2,196,1.6016178131103516,0.8709876738585435,0.852729301948052,0.5129021092668756,0.9882170162880524,0.9368031017491312,0.9882170313323396,0.44000000000000006,0.0,37.264498472213745,0.947912871837616,0.20538794994354248,0.3182080090045929,0.9190623760223389,0.22033073008060455,0.33092403411865234
stage2,197,1.6153009858998386,0.8702571918438007,0.854301948051948,0.5098694907380389,0.9896996645978022,0.9367609376421159,0.9896996796646608,0.43000000000000005,0.0,36.93169546127319,0.947668194770813,0.20546972751617432,0.3185323178768158,0.9190210103988647,0.2204839140176773,0.33157363533973694
stage2,198,1.6468895921459445,0.8540636455857908,0.8586647727272727,0.5085829120951814,0.9909268340791851,0.9369979436672841,0.9909268491647257,0.42000000000000004,0.0,37.03889060020447,0.9473843574523926,0.20514076948165894,0.318834513425827,0.9192535281181335,0.2201393097639084,0.3320775330066681
stage2,199,1.6129395001894469,0.8777553323027375,0.8460836038961039,0.5056380904340124,0.9918258418902471,0.9372906014532966,0.9918258569894739,0.41000000000000003,0.0,37.064786434173584,0.9468942284584045,0.20541496574878693,0.3191523551940918,0.9195406436920166,0.2203301638364792,0.3323502242565155
stage2,200,1.656146544914741,0.8495933343837787,0.8596793831168831,0.5140727293955816,0.9930934814683986,0.9373169692089804,0.9930934965869235,0.4,0.0,37.11915707588196,0.9466930627822876,0.20568227767944336,0.31975996494293213,0.9195665121078491,0.22062711417675018,0.3325752913951874
